<?xml version = "1.0" standalone = "yes"?>
<TimelineLine_Prefs STK_version = "12.5.0">
    <Views Type = "Content">
        <ContentView Name = "Scenario Availability">
            <Row ClassName = "Scenario" ComponentName = "AvailabilityIntervals" DisplayName = "CDRFinalSIm AvailabilityIntervals" IsDefaultName = "True" IsExpanded = "False" IsGroup = "False" IsHidden = "False" Path = "/Application/STK/Scenario/CDRFinalSIm" Type = "IntervalList">
                <Interval Name = "CDRFinalSIm AvailabilityIntervals" StartTime = "1 Aug 2026 00:00:00.000" StopTime = "8 Aug 2026 00:00:00.000" />
            </Row>
            <Row ClassName = "Access" ComponentName = "AccessIntervals" DisplayName = "Satellite-GASRATS-To-Facility-USUSER AccessIntervals" IsDefaultName = "True" IsExpanded = "False" IsGroup = "False" IsHidden = "False" Path = "Access:/Application/STK/Scenario/CDRFinalSIm/Satellite/GASRATS;/Application/STK/Scenario/CDRFinalSIm/Facility/USUSER" Type = "IntervalList">
                <Interval Name = "Satellite-GASRATS-To-Facility-USUSER AccessIntervals" StartTime = "1 Aug 2026 01:06:21.872" StopTime = "1 Aug 2026 01:16:50.149" />
                <Interval Name = "Satellite-GASRATS-To-Facility-USUSER AccessIntervals" StartTime = "1 Aug 2026 02:44:27.109" StopTime = "1 Aug 2026 02:50:04.775" />
                <Interval Name = "Satellite-GASRATS-To-Facility-USUSER AccessIntervals" StartTime = "1 Aug 2026 16:12:03.491" StopTime = "1 Aug 2026 16:18:23.252" />
                <Interval Name = "Satellite-GASRATS-To-Facility-USUSER AccessIntervals" StartTime = "1 Aug 2026 17:45:40.851" StopTime = "1 Aug 2026 17:56:12.133" />
                <Interval Name = "Satellite-GASRATS-To-Facility-USUSER AccessIntervals" StartTime = "1 Aug 2026 19:22:23.055" StopTime = "1 Aug 2026 19:32:38.107" />
                <Interval Name = "Satellite-GASRATS-To-Facility-USUSER AccessIntervals" StartTime = "1 Aug 2026 21:00:02.697" StopTime = "1 Aug 2026 21:09:28.044" />
                <Interval Name = "Satellite-GASRATS-To-Facility-USUSER AccessIntervals" StartTime = "1 Aug 2026 22:37:05.204" StopTime = "1 Aug 2026 22:47:05.621" />
                <Interval Name = "Satellite-GASRATS-To-Facility-USUSER AccessIntervals" StartTime = "2 Aug 2026 00:13:30.469" StopTime = "2 Aug 2026 00:24:11.681" />
                <Interval Name = "Satellite-GASRATS-To-Facility-USUSER AccessIntervals" StartTime = "2 Aug 2026 01:50:38.833" StopTime = "2 Aug 2026 01:58:53.645" />
                <Interval Name = "Satellite-GASRATS-To-Facility-USUSER AccessIntervals" StartTime = "2 Aug 2026 16:53:14.005" StopTime = "2 Aug 2026 17:03:14.990" />
                <Interval Name = "Satellite-GASRATS-To-Facility-USUSER AccessIntervals" StartTime = "2 Aug 2026 18:29:17.356" StopTime = "2 Aug 2026 18:39:48.807" />
                <Interval Name = "Satellite-GASRATS-To-Facility-USUSER AccessIntervals" StartTime = "2 Aug 2026 20:06:51.166" StopTime = "2 Aug 2026 20:16:24.925" />
                <Interval Name = "Satellite-GASRATS-To-Facility-USUSER AccessIntervals" StartTime = "2 Aug 2026 21:44:10.319" StopTime = "2 Aug 2026 21:53:52.006" />
                <Interval Name = "Satellite-GASRATS-To-Facility-USUSER AccessIntervals" StartTime = "2 Aug 2026 23:20:41.014" StopTime = "2 Aug 2026 23:31:19.320" />
                <Interval Name = "Satellite-GASRATS-To-Facility-USUSER AccessIntervals" StartTime = "3 Aug 2026 00:57:22.418" StopTime = "3 Aug 2026 01:06:59.307" />
                <Interval Name = "Satellite-GASRATS-To-Facility-USUSER AccessIntervals" StartTime = "3 Aug 2026 16:01:06.019" StopTime = "3 Aug 2026 16:10:06.095" />
                <Interval Name = "Satellite-GASRATS-To-Facility-USUSER AccessIntervals" StartTime = "3 Aug 2026 17:36:18.958" StopTime = "3 Aug 2026 17:46:58.824" />
                <Interval Name = "Satellite-GASRATS-To-Facility-USUSER AccessIntervals" StartTime = "3 Aug 2026 19:13:36.514" StopTime = "3 Aug 2026 19:23:26.190" />
                <Interval Name = "Satellite-GASRATS-To-Facility-USUSER AccessIntervals" StartTime = "3 Aug 2026 20:51:09.088" StopTime = "3 Aug 2026 21:00:37.563" />
                <Interval Name = "Satellite-GASRATS-To-Facility-USUSER AccessIntervals" StartTime = "3 Aug 2026 22:27:51.007" StopTime = "3 Aug 2026 22:38:15.855" />
                <Interval Name = "Satellite-GASRATS-To-Facility-USUSER AccessIntervals" StartTime = "4 Aug 2026 00:04:19.382" StopTime = "4 Aug 2026 00:14:39.939" />
                <Interval Name = "Satellite-GASRATS-To-Facility-USUSER AccessIntervals" StartTime = "4 Aug 2026 01:42:55.473" StopTime = "4 Aug 2026 01:47:14.545" />
                <Interval Name = "Satellite-GASRATS-To-Facility-USUSER AccessIntervals" StartTime = "4 Aug 2026 15:09:27.173" StopTime = "4 Aug 2026 15:16:34.898" />
                <Interval Name = "Satellite-GASRATS-To-Facility-USUSER AccessIntervals" StartTime = "4 Aug 2026 16:43:30.680" StopTime = "4 Aug 2026 16:54:05.875" />
                <Interval Name = "Satellite-GASRATS-To-Facility-USUSER AccessIntervals" StartTime = "4 Aug 2026 18:20:21.910" StopTime = "4 Aug 2026 18:30:30.902" />
                <Interval Name = "Satellite-GASRATS-To-Facility-USUSER AccessIntervals" StartTime = "4 Aug 2026 19:58:01.026" StopTime = "4 Aug 2026 20:07:25.197" />
                <Interval Name = "Satellite-GASRATS-To-Facility-USUSER AccessIntervals" StartTime = "4 Aug 2026 21:34:58.340" StopTime = "4 Aug 2026 21:45:04.139" />
                <Interval Name = "Satellite-GASRATS-To-Facility-USUSER AccessIntervals" StartTime = "4 Aug 2026 23:11:22.930" StopTime = "4 Aug 2026 23:22:02.080" />
                <Interval Name = "Satellite-GASRATS-To-Facility-USUSER AccessIntervals" StartTime = "5 Aug 2026 00:48:42.805" StopTime = "5 Aug 2026 00:56:23.183" />
                <Interval Name = "Satellite-GASRATS-To-Facility-USUSER AccessIntervals" StartTime = "5 Aug 2026 14:19:06.767" StopTime = "5 Aug 2026 14:21:51.830" />
                <Interval Name = "Satellite-GASRATS-To-Facility-USUSER AccessIntervals" StartTime = "5 Aug 2026 15:50:55.535" StopTime = "5 Aug 2026 16:01:07.099" />
                <Interval Name = "Satellite-GASRATS-To-Facility-USUSER AccessIntervals" StartTime = "5 Aug 2026 17:27:10.687" StopTime = "5 Aug 2026 17:37:37.467" />
                <Interval Name = "Satellite-GASRATS-To-Facility-USUSER AccessIntervals" StartTime = "5 Aug 2026 19:04:46.916" StopTime = "5 Aug 2026 19:14:16.792" />
                <Interval Name = "Satellite-GASRATS-To-Facility-USUSER AccessIntervals" StartTime = "5 Aug 2026 20:42:01.129" StopTime = "5 Aug 2026 20:51:47.323" />
                <Interval Name = "Satellite-GASRATS-To-Facility-USUSER AccessIntervals" StartTime = "5 Aug 2026 22:18:29.274" StopTime = "5 Aug 2026 22:29:09.412" />
                <Interval Name = "Satellite-GASRATS-To-Facility-USUSER AccessIntervals" StartTime = "5 Aug 2026 23:55:16.263" StopTime = "6 Aug 2026 00:04:34.401" />
                <Interval Name = "Satellite-GASRATS-To-Facility-USUSER AccessIntervals" StartTime = "6 Aug 2026 14:58:37.687" StopTime = "6 Aug 2026 15:07:58.235" />
                <Interval Name = "Satellite-GASRATS-To-Facility-USUSER AccessIntervals" StartTime = "6 Aug 2026 16:34:05.969" StopTime = "6 Aug 2026 16:44:43.940" />
                <Interval Name = "Satellite-GASRATS-To-Facility-USUSER AccessIntervals" StartTime = "6 Aug 2026 18:11:28.864" StopTime = "6 Aug 2026 18:21:12.887" />
                <Interval Name = "Satellite-GASRATS-To-Facility-USUSER AccessIntervals" StartTime = "6 Aug 2026 19:48:57.858" StopTime = "6 Aug 2026 19:58:28.752" />
                <Interval Name = "Satellite-GASRATS-To-Facility-USUSER AccessIntervals" StartTime = "6 Aug 2026 21:25:35.740" StopTime = "6 Aug 2026 21:36:04.804" />
                <Interval Name = "Satellite-GASRATS-To-Facility-USUSER AccessIntervals" StartTime = "6 Aug 2026 23:02:06.390" StopTime = "6 Aug 2026 23:12:17.339" />
                <Interval Name = "Satellite-GASRATS-To-Facility-USUSER AccessIntervals" StartTime = "7 Aug 2026 00:41:37.854" StopTime = "7 Aug 2026 00:43:47.637" />
                <Interval Name = "Satellite-GASRATS-To-Facility-USUSER AccessIntervals" StartTime = "7 Aug 2026 14:06:45.109" StopTime = "7 Aug 2026 14:14:31.046" />
                <Interval Name = "Satellite-GASRATS-To-Facility-USUSER AccessIntervals" StartTime = "7 Aug 2026 15:41:10.615" StopTime = "7 Aug 2026 15:51:48.134" />
                <Interval Name = "Satellite-GASRATS-To-Facility-USUSER AccessIntervals" StartTime = "7 Aug 2026 17:18:09.922" StopTime = "7 Aug 2026 17:28:12.807" />
                <Interval Name = "Satellite-GASRATS-To-Facility-USUSER AccessIntervals" StartTime = "7 Aug 2026 18:55:47.748" StopTime = "7 Aug 2026 19:05:11.532" />
                <Interval Name = "Satellite-GASRATS-To-Facility-USUSER AccessIntervals" StartTime = "7 Aug 2026 20:32:40.108" StopTime = "7 Aug 2026 20:42:51.073" />
                <Interval Name = "Satellite-GASRATS-To-Facility-USUSER AccessIntervals" StartTime = "7 Aug 2026 22:09:04.608" StopTime = "7 Aug 2026 22:19:40.293" />
                <Interval Name = "Satellite-GASRATS-To-Facility-USUSER AccessIntervals" StartTime = "7 Aug 2026 23:46:38.556" StopTime = "7 Aug 2026 23:53:38.222" />
            </Row>
        </ContentView>
    </Views>
    <Views Type = "Time">
        <TimeView FullViewRulerStartTime = "0.000000" FullViewRulerStopTime = "0.000000" GlobalIntervalComp = "AnalysisInterval" GlobalIntervalCompPath = "/Application/STK/Scenario/CDRFinalSIm" GlobalStartOffset = "0.000000" GlobalStartTime = "1 Aug 2026 00:00:00.000" GlobalStopOffset = "0.000000" GlobalStopTime = "8 Aug 2026 00:00:00.000" MaxFullViewTime = "0.000000" MinFullViewTime = "0.000000" Name = "Scenario Analysis Period" ViewportStartTime = "0.000000" ViewportStopTime = "0.000000" />
    </Views>
</TimelineLine_Prefs>